-- Elisabeth & Acacia
-- insert data for lab 2c
-- April 22, 2017

-- person

-- (authors)
INSERT INTO `person` (`person_id`,`fname`,`lname`,`person_job`) VALUES (1,"Russell","Sharidan","author");
INSERT INTO `person` (`person_id`,`fname`,`lname`,`person_job`) VALUES (2,"Clark","Walsh","author");
INSERT INTO `person` (`person_id`,`fname`,`lname`,`person_job`) VALUES (3,"Holly","Lambert","author");
INSERT INTO `person` (`person_id`,`fname`,`lname`,`person_job`) VALUES (4,"Yuri","Valdez","author");
INSERT INTO `person` (`person_id`,`fname`,`lname`,`person_job`) VALUES (5,"Dane","Slater","author");
INSERT INTO `person` (`person_id`,`fname`,`lname`,`person_job`) VALUES (6,"Meredith","Fischer","author");
INSERT INTO `person` (`person_id`,`fname`,`lname`,`person_job`) VALUES (7,"Emma","Hunter","author");
INSERT INTO `person` (`person_id`,`fname`,`lname`,`person_job`) VALUES (8,"Debra","Buckley","author");
INSERT INTO `person` (`person_id`,`fname`,`lname`,`person_job`) VALUES (9,"Herrod","Hopkins","author");
INSERT INTO `person` (`person_id`,`fname`,`lname`,`person_job`) VALUES (10,"Noble","Graham","author");

-- (reviewers)
INSERT INTO `person` (`person_id`,`fname`,`lname`,`person_job`) VALUES (51,"Montana","Forbes","reviewer");
INSERT INTO `person` (`person_id`,`fname`,`lname`,`person_job`) VALUES (52,"Kay","Jensen","reviewer");
INSERT INTO `person` (`person_id`,`fname`,`lname`,`person_job`) VALUES (53,"Rachel","Winters","reviewer");
INSERT INTO `person` (`person_id`,`fname`,`lname`,`person_job`) VALUES (54,"Thor","Simmons","reviewer");
INSERT INTO `person` (`person_id`,`fname`,`lname`,`person_job`) VALUES (55,"Vivian","Shelton","reviewer");
INSERT INTO `person` (`person_id`,`fname`,`lname`,`person_job`) VALUES (56,"Camille","Ryan","reviewer");
INSERT INTO `person` (`person_id`,`fname`,`lname`,`person_job`) VALUES (57,"Zorita","Shields","reviewer");
INSERT INTO `person` (`person_id`,`fname`,`lname`,`person_job`) VALUES (58,"Bell","Larsen","reviewer");
INSERT INTO `person` (`person_id`,`fname`,`lname`,`person_job`) VALUES (59,"Angela","Rivera","reviewer");
INSERT INTO `person` (`person_id`,`fname`,`lname`,`person_job`) VALUES (60,"Fay","Chan","reviewer");

-- (editors)
INSERT INTO `person` (`person_id`,`fname`,`lname`,`person_job`) VALUES (101,"Silas","Diaz","editor");
INSERT INTO `person` (`person_id`,`fname`,`lname`,`person_job`) VALUES (102,"Plato","Pace","editor");

-- affiliation
INSERT INTO `affiliation` (`affiliation_code`,`affiliation`) VALUES (500,"Quality Assurance");
INSERT INTO `affiliation` (`affiliation_code`,`affiliation`) VALUES (501,"Public Relations");
INSERT INTO `affiliation` (`affiliation_code`,`affiliation`) VALUES (502,"Asset Management");
INSERT INTO `affiliation` (`affiliation_code`,`affiliation`) VALUES (503,"Human Resources");
INSERT INTO `affiliation` (`affiliation_code`,`affiliation`) VALUES (504,"Quality Assurance");
INSERT INTO `affiliation` (`affiliation_code`,`affiliation`) VALUES (505,"Asset Management");
INSERT INTO `affiliation` (`affiliation_code`,`affiliation`) VALUES (506,"Payroll");
INSERT INTO `affiliation` (`affiliation_code`,`affiliation`) VALUES (507,"Media Relations");
INSERT INTO `affiliation` (`affiliation_code`,`affiliation`) VALUES (508,"Accounting");
INSERT INTO `affiliation` (`affiliation_code`,`affiliation`) VALUES (509,"Legal Department");
INSERT INTO `affiliation` (`affiliation_code`,`affiliation`) VALUES (510,"Tech Support");
INSERT INTO `affiliation` (`affiliation_code`,`affiliation`) VALUES (511,"Research and Development");
INSERT INTO `affiliation` (`affiliation_code`,`affiliation`) VALUES (512,"Accounting");
INSERT INTO `affiliation` (`affiliation_code`,`affiliation`) VALUES (513,"Sales and Marketing");
INSERT INTO `affiliation` (`affiliation_code`,`affiliation`) VALUES (514,"Sales and Marketing");
INSERT INTO `affiliation` (`affiliation_code`,`affiliation`) VALUES (515,"Tech Support");
INSERT INTO `affiliation` (`affiliation_code`,`affiliation`) VALUES (516,"Payroll");
INSERT INTO `affiliation` (`affiliation_code`,`affiliation`) VALUES (517,"Customer Service");
INSERT INTO `affiliation` (`affiliation_code`,`affiliation`) VALUES (518,"Payroll");
INSERT INTO `affiliation` (`affiliation_code`,`affiliation`) VALUES (519,"Research and Development");
INSERT INTO `affiliation` (`affiliation_code`,`affiliation`) VALUES (520,"Tech Support");
INSERT INTO `affiliation` (`affiliation_code`,`affiliation`) VALUES (521,"Research and Development");
INSERT INTO `affiliation` (`affiliation_code`,`affiliation`) VALUES (522,"Advertising");
INSERT INTO `affiliation` (`affiliation_code`,`affiliation`) VALUES (523,"Human Resources");
INSERT INTO `affiliation` (`affiliation_code`,`affiliation`) VALUES (524,"Asset Management");
INSERT INTO `affiliation` (`affiliation_code`,`affiliation`) VALUES (525,"Asset Management");
INSERT INTO `affiliation` (`affiliation_code`,`affiliation`) VALUES (526,"Legal Department");
INSERT INTO `affiliation` (`affiliation_code`,`affiliation`) VALUES (527,"Research and Development");
INSERT INTO `affiliation` (`affiliation_code`,`affiliation`) VALUES (528,"Legal Department");
INSERT INTO `affiliation` (`affiliation_code`,`affiliation`) VALUES (529,"Advertising");
INSERT INTO `affiliation` (`affiliation_code`,`affiliation`) VALUES (530,"Human Resources");
INSERT INTO `affiliation` (`affiliation_code`,`affiliation`) VALUES (531,"Media Relations");
INSERT INTO `affiliation` (`affiliation_code`,`affiliation`) VALUES (532,"Asset Management");
INSERT INTO `affiliation` (`affiliation_code`,`affiliation`) VALUES (533,"Public Relations");
INSERT INTO `affiliation` (`affiliation_code`,`affiliation`) VALUES (534,"Media Relations");
INSERT INTO `affiliation` (`affiliation_code`,`affiliation`) VALUES (535,"Quality Assurance");
INSERT INTO `affiliation` (`affiliation_code`,`affiliation`) VALUES (536,"Accounting");
INSERT INTO `affiliation` (`affiliation_code`,`affiliation`) VALUES (537,"Legal Department");
INSERT INTO `affiliation` (`affiliation_code`,`affiliation`) VALUES (538,"Human Resources");
INSERT INTO `affiliation` (`affiliation_code`,`affiliation`) VALUES (539,"Public Relations");
INSERT INTO `affiliation` (`affiliation_code`,`affiliation`) VALUES (540,"Customer Relations");
INSERT INTO `affiliation` (`affiliation_code`,`affiliation`) VALUES (541,"Public Relations");
INSERT INTO `affiliation` (`affiliation_code`,`affiliation`) VALUES (542,"Tech Support");
INSERT INTO `affiliation` (`affiliation_code`,`affiliation`) VALUES (543,"Public Relations");
INSERT INTO `affiliation` (`affiliation_code`,`affiliation`) VALUES (544,"Public Relations");
INSERT INTO `affiliation` (`affiliation_code`,`affiliation`) VALUES (545,"Legal Department");
INSERT INTO `affiliation` (`affiliation_code`,`affiliation`) VALUES (546,"Customer Relations");
INSERT INTO `affiliation` (`affiliation_code`,`affiliation`) VALUES (547,"Research and Development");
INSERT INTO `affiliation` (`affiliation_code`,`affiliation`) VALUES (548,"Payroll");
INSERT INTO `affiliation` (`affiliation_code`,`affiliation`) VALUES (549,"Media Relations");
INSERT INTO `affiliation` (`affiliation_code`,`affiliation`) VALUES (550,"Tech Support");
INSERT INTO `affiliation` (`affiliation_code`,`affiliation`) VALUES (551,"Public Relations");
INSERT INTO `affiliation` (`affiliation_code`,`affiliation`) VALUES (552,"Sales and Marketing");
INSERT INTO `affiliation` (`affiliation_code`,`affiliation`) VALUES (553,"Human Resources");
INSERT INTO `affiliation` (`affiliation_code`,`affiliation`) VALUES (554,"Quality Assurance");
INSERT INTO `affiliation` (`affiliation_code`,`affiliation`) VALUES (555,"Accounting");
INSERT INTO `affiliation` (`affiliation_code`,`affiliation`) VALUES (556,"Quality Assurance");
INSERT INTO `affiliation` (`affiliation_code`,`affiliation`) VALUES (557,"Payroll");
INSERT INTO `affiliation` (`affiliation_code`,`affiliation`) VALUES (558,"Human Resources");
INSERT INTO `affiliation` (`affiliation_code`,`affiliation`) VALUES (559,"Customer Service");
INSERT INTO `affiliation` (`affiliation_code`,`affiliation`) VALUES (560,"Research and Development");
INSERT INTO `affiliation` (`affiliation_code`,`affiliation`) VALUES (561,"Media Relations");
INSERT INTO `affiliation` (`affiliation_code`,`affiliation`) VALUES (562,"Public Relations");
INSERT INTO `affiliation` (`affiliation_code`,`affiliation`) VALUES (563,"Legal Department");
INSERT INTO `affiliation` (`affiliation_code`,`affiliation`) VALUES (564,"Tech Support");
INSERT INTO `affiliation` (`affiliation_code`,`affiliation`) VALUES (565,"Payroll");
INSERT INTO `affiliation` (`affiliation_code`,`affiliation`) VALUES (566,"Customer Service");
INSERT INTO `affiliation` (`affiliation_code`,`affiliation`) VALUES (567,"Accounting");
INSERT INTO `affiliation` (`affiliation_code`,`affiliation`) VALUES (568,"Public Relations");
INSERT INTO `affiliation` (`affiliation_code`,`affiliation`) VALUES (569,"Finances");
INSERT INTO `affiliation` (`affiliation_code`,`affiliation`) VALUES (570,"Sales and Marketing");
INSERT INTO `affiliation` (`affiliation_code`,`affiliation`) VALUES (571,"Advertising");
INSERT INTO `affiliation` (`affiliation_code`,`affiliation`) VALUES (572,"Finances");
INSERT INTO `affiliation` (`affiliation_code`,`affiliation`) VALUES (573,"Human Resources");
INSERT INTO `affiliation` (`affiliation_code`,`affiliation`) VALUES (574,"Finances");
INSERT INTO `affiliation` (`affiliation_code`,`affiliation`) VALUES (575,"Asset Management");
INSERT INTO `affiliation` (`affiliation_code`,`affiliation`) VALUES (576,"Finances");
INSERT INTO `affiliation` (`affiliation_code`,`affiliation`) VALUES (577,"Finances");
INSERT INTO `affiliation` (`affiliation_code`,`affiliation`) VALUES (578,"Advertising");
INSERT INTO `affiliation` (`affiliation_code`,`affiliation`) VALUES (579,"Human Resources");
INSERT INTO `affiliation` (`affiliation_code`,`affiliation`) VALUES (580,"Public Relations");
INSERT INTO `affiliation` (`affiliation_code`,`affiliation`) VALUES (581,"Accounting");
INSERT INTO `affiliation` (`affiliation_code`,`affiliation`) VALUES (582,"Payroll");
INSERT INTO `affiliation` (`affiliation_code`,`affiliation`) VALUES (583,"Tech Support");
INSERT INTO `affiliation` (`affiliation_code`,`affiliation`) VALUES (584,"Customer Service");
INSERT INTO `affiliation` (`affiliation_code`,`affiliation`) VALUES (585,"Finances");
INSERT INTO `affiliation` (`affiliation_code`,`affiliation`) VALUES (586,"Asset Management");
INSERT INTO `affiliation` (`affiliation_code`,`affiliation`) VALUES (587,"Finances");
INSERT INTO `affiliation` (`affiliation_code`,`affiliation`) VALUES (588,"Advertising");
INSERT INTO `affiliation` (`affiliation_code`,`affiliation`) VALUES (589,"Research and Development");
INSERT INTO `affiliation` (`affiliation_code`,`affiliation`) VALUES (590,"Advertising");
INSERT INTO `affiliation` (`affiliation_code`,`affiliation`) VALUES (591,"Payroll");
INSERT INTO `affiliation` (`affiliation_code`,`affiliation`) VALUES (592,"Customer Relations");
INSERT INTO `affiliation` (`affiliation_code`,`affiliation`) VALUES (593,"Asset Management");
INSERT INTO `affiliation` (`affiliation_code`,`affiliation`) VALUES (594,"Research and Development");
INSERT INTO `affiliation` (`affiliation_code`,`affiliation`) VALUES (595,"Media Relations");
INSERT INTO `affiliation` (`affiliation_code`,`affiliation`) VALUES (596,"Research and Development");
INSERT INTO `affiliation` (`affiliation_code`,`affiliation`) VALUES (597,"Payroll");
INSERT INTO `affiliation` (`affiliation_code`,`affiliation`) VALUES (598,"Customer Relations");
INSERT INTO `affiliation` (`affiliation_code`,`affiliation`) VALUES (599,"Human Resources");

-- person_to_affiliation
-- authors
INSERT INTO `man_to_affiliation` (`person_id`,`affiliation_id`) VALUES (1,557);
INSERT INTO `man_to_affiliation` (`person_id`,`affiliation_id`) VALUES (2,507);
INSERT INTO `man_to_affiliation` (`person_id`,`affiliation_id`) VALUES (3,515);
INSERT INTO `man_to_affiliation` (`person_id`,`affiliation_id`) VALUES (4,539);
INSERT INTO `man_to_affiliation` (`person_id`,`affiliation_id`) VALUES (5,503);
INSERT INTO `man_to_affiliation` (`person_id`,`affiliation_id`) VALUES (6,525);
INSERT INTO `man_to_affiliation` (`person_id`,`affiliation_id`) VALUES (7,569);
INSERT INTO `man_to_affiliation` (`person_id`,`affiliation_id`) VALUES (8,543);
INSERT INTO `man_to_affiliation` (`person_id`,`affiliation_id`) VALUES (9,521);
INSERT INTO `man_to_affiliation` (`person_id`,`affiliation_id`) VALUES (10,521);
-- reviewers
INSERT INTO `man_to_affiliation` (`person_id`,`affiliation_id`) VALUES (51,599);
INSERT INTO `man_to_affiliation` (`person_id`,`affiliation_id`) VALUES (52,542);
INSERT INTO `man_to_affiliation` (`person_id`,`affiliation_id`) VALUES (53,552);
INSERT INTO `man_to_affiliation` (`person_id`,`affiliation_id`) VALUES (54,545);
INSERT INTO `man_to_affiliation` (`person_id`,`affiliation_id`) VALUES (55,566);
INSERT INTO `man_to_affiliation` (`person_id`,`affiliation_id`) VALUES (56,528);
INSERT INTO `man_to_affiliation` (`person_id`,`affiliation_id`) VALUES (57,542);
INSERT INTO `man_to_affiliation` (`person_id`,`affiliation_id`) VALUES (58,590);
INSERT INTO `man_to_affiliation` (`person_id`,`affiliation_id`) VALUES (59,576);
INSERT INTO `man_to_affiliation` (`person_id`,`affiliation_id`) VALUES (60,555);


-- person_to_RICode
-- 100 rows, 50 with one RICode, 30 with two, 20 with three
-- one RICode reviewer
INSERT INTO `person_to_RICode` (`person_id`,`RICode`) VALUES (51,51);
INSERT INTO `person_to_RICode` (`person_id`,`RICode`) VALUES (52,70);
INSERT INTO `person_to_RICode` (`person_id`,`RICode`) VALUES (53,84);
INSERT INTO `person_to_RICode` (`person_id`,`RICode`) VALUES (54,52);
INSERT INTO `person_to_RICode` (`person_id`,`RICode`) VALUES (55,85);
INSERT INTO `person_to_RICode` (`person_id`,`RICode`) VALUES (56,71);
INSERT INTO `person_to_RICode` (`person_id`,`RICode`) VALUES (57,86);
INSERT INTO `person_to_RICode` (`person_id`,`RICode`) VALUES (58,53);
INSERT INTO `person_to_RICode` (`person_id`,`RICode`) VALUES (59,72);
INSERT INTO `person_to_RICode` (`person_id`,`RICode`) VALUES (60,54);
-- two RICode reviewer
INSERT INTO `person_to_RICode` (`person_id`,`RICode`) VALUES (54,87);
INSERT INTO `person_to_RICode` (`person_id`,`RICode`) VALUES (55,73);
INSERT INTO `person_to_RICode` (`person_id`,`RICode`) VALUES (56,74);
INSERT INTO `person_to_RICode` (`person_id`,`RICode`) VALUES (57,88);
INSERT INTO `person_to_RICode` (`person_id`,`RICode`) VALUES (58,55);
INSERT INTO `person_to_RICode` (`person_id`,`RICode`) VALUES (59,56);
INSERT INTO `person_to_RICode` (`person_id`,`RICode`) VALUES (60,75);
-- three RICode reviewers
INSERT INTO `person_to_RICode` (`person_id`,`RICode`) VALUES (58,89);
INSERT INTO `person_to_RICode` (`person_id`,`RICode`) VALUES (59,57);
INSERT INTO `person_to_RICode` (`person_id`,`RICode`) VALUES (60,76);

-- manuscripts
-- in typesetting
INSERT INTO `manuscript` (`manuscript_id`,`title`,`date_received`,`status`,`RICode`,`person_id`) VALUES (81,"Nulla semper tellus id","2016-05-22 01:10:58","in typesetting",114,101);
-- submitted
INSERT INTO `manuscript` (`manuscript_id`,`title`,`date_received`,`status`,`RICode`,`person_id`) VALUES (61,"nonummy","2016-07-14 08:14:49","submitted",85,101);
-- accepted
INSERT INTO `manuscript` (`manuscript_id`,`title`,`date_received`,`status`,`RICode`,`person_id`) VALUES (41,"eros.","2016-11-05 16:01:10","accepted",28,101);
-- rejected
INSERT INTO `manuscript` (`manuscript_id`,`title`,`date_received`,`status`,`RICode`,`person_id`) VALUES (21,"iaculis","2016-12-21 05:50:19","rejected",107,102);
-- under review
INSERT INTO `manuscript` (`manuscript_id`,`title`,`date_received`,`status`,`RICode`,`person_id`) VALUES (1,"nostra,","2016-07-15 00:51:38","under review",34,102);
-- scheduled for publication
INSERT INTO `manuscript` (`manuscript_id`,`title`,`date_received`,`status`,`RICode`,`person_id`) VALUES (101,"habitant morbi","2016-08-26 13:07:40","scheduled for publication",73,102);
-- published
INSERT INTO `manuscript` (`manuscript_id`,`title`,`date_received`,`status`,`RICode`,`person_id`) VALUES (121,"rhoncus. Donec est. Nunc","2016-05-03 12:17:17","published",2,102);


-- accepted_man 
-- status = accepted and num of pages is null bc before typesetting
INSERT INTO `accepted_man` (`manuscript_id`,`date_of_acceptance`,`num_of_pages`) VALUES (41,"2017-10-12 10:46:23",NULL);
-- status = in typesetting
INSERT INTO `accepted_man` (`manuscript_id`,`date_of_acceptance`,`num_of_pages`) VALUES (81,"2018-02-03 06:40:11",12);

-- man_to_author
INSERT INTO `man_to_author` (`manuscript_id`,`person_id`,`author_order_num`) VALUES (81,1,1);
INSERT INTO `man_to_author` (`manuscript_id`,`person_id`,`author_order_num`) VALUES (61,2,1);
INSERT INTO `man_to_author` (`manuscript_id`,`person_id`,`author_order_num`) VALUES (41,3,1);
INSERT INTO `man_to_author` (`manuscript_id`,`person_id`,`author_order_num`) VALUES (21,4,1);
INSERT INTO `man_to_author` (`manuscript_id`,`person_id`,`author_order_num`) VALUES (1,5,1);
INSERT INTO `man_to_author` (`manuscript_id`,`person_id`,`author_order_num`) VALUES (101,6,1);
INSERT INTO `man_to_author` (`manuscript_id`,`person_id`,`author_order_num`) VALUES (121,7,1);
-- manuscript with two authors
INSERT INTO `man_to_author` (`manuscript_id`,`person_id`,`author_order_num`) VALUES (81,8,2);
INSERT INTO `man_to_author` (`manuscript_id`,`person_id`,`author_order_num`) VALUES (61,9,2);
INSERT INTO `man_to_author` (`manuscript_id`,`person_id`,`author_order_num`) VALUES (41,10,2);
INSERT INTO `man_to_author` (`manuscript_id`,`person_id`,`author_order_num`) VALUES (21,1,2);
INSERT INTO `man_to_author` (`manuscript_id`,`person_id`,`author_order_num`) VALUES (1,2,2);
INSERT INTO `man_to_author` (`manuscript_id`,`person_id`,`author_order_num`) VALUES (101,3,2);
INSERT INTO `man_to_author` (`manuscript_id`,`person_id`,`author_order_num`) VALUES (121,4,2);
-- manuscripts with three authors
INSERT INTO `man_to_author` (`manuscript_id`,`person_id`,`author_order_num`) VALUES (81,4,3);
INSERT INTO `man_to_author` (`manuscript_id`,`person_id`,`author_order_num`) VALUES (61,5,3);
INSERT INTO `man_to_author` (`manuscript_id`,`person_id`,`author_order_num`) VALUES (41,6,3);


-- issue
INSERT INTO `issue` (`issue_id`,`print_date`,`pub_period`,`pub_year`,`person_id`) VALUES (1,"2017-11-28 07:00:51",3,1996,101);
INSERT INTO `issue` (`issue_id`,`print_date`,`pub_period`,`pub_year`,`person_id`) VALUES (2,"2017-01-26 12:37:32",1,1984,102);

-- issue_to_man
INSERT INTO `issue_to_man` (`manuscript_id`,`issue_id`,`page_num`,`position_in_issue`) VALUES (101,1,19,5);
INSERT INTO `issue_to_man` (`manuscript_id`,`issue_id`,`page_num`,`position_in_issue`) VALUES (121,2,30,2);


-- feedback 
-- made sure reviewers have same RICode as manuscript
-- manu 1 has RICode 34
INSERT INTO `feedback` (`manuscript_id`,`person_id`,`date_assigned`,`appropriateness`,`clarity`,`methodology`,`contribution_to_field`,`recommendation`,`date_completed`) VALUES (1,51,"2017-04-14 16:27:39",8,7,1,1,2,"2016-08-20 07:11:19");
INSERT INTO `feedback` (`manuscript_id`,`person_id`,`date_assigned`,`appropriateness`,`clarity`,`methodology`,`contribution_to_field`,`recommendation`,`date_completed`) VALUES (1,52,"2016-10-30 00:21:31",9,10,6,6,6,"2018-03-02 17:42:02");
INSERT INTO `feedback` (`manuscript_id`,`person_id`,`date_assigned`,`appropriateness`,`clarity`,`methodology`,`contribution_to_field`,`recommendation`,`date_completed`) VALUES (1,53,"2016-11-21 08:31:29",2,3,10,9,2,"2016-05-11 06:15:16");

-- manu 21 has RICode 107
INSERT INTO `feedback` (`manuscript_id`,`person_id`,`date_assigned`,`appropriateness`,`clarity`,`methodology`,`contribution_to_field`,`recommendation`,`date_completed`) VALUES (21,54,"2017-03-21 22:15:06",6,9,6,5,4,"2017-06-14 09:31:41");
INSERT INTO `feedback` (`manuscript_id`,`person_id`,`date_assigned`,`appropriateness`,`clarity`,`methodology`,`contribution_to_field`,`recommendation`,`date_completed`) VALUES (21,55,"2017-02-12 13:04:09",4,1,4,10,2,"2018-01-02 14:16:13");
INSERT INTO `feedback` (`manuscript_id`,`person_id`,`date_assigned`,`appropriateness`,`clarity`,`methodology`,`contribution_to_field`,`recommendation`,`date_completed`) VALUES (21,56,"2017-01-24 16:00:16",5,2,9,10,1,"2017-05-02 17:56:52");

-- manu 41 has RICode 28
INSERT INTO `feedback` (`manuscript_id`,`person_id`,`date_assigned`,`appropriateness`,`clarity`,`methodology`,`contribution_to_field`,`recommendation`,`date_completed`) VALUES (41,57,"2016-10-23 08:40:38",3,3,1,10,7,"2017-10-15 11:35:24");
INSERT INTO `feedback` (`manuscript_id`,`person_id`,`date_assigned`,`appropriateness`,`clarity`,`methodology`,`contribution_to_field`,`recommendation`,`date_completed`) VALUES (41,58,"2016-08-23 13:53:05",4,7,9,5,9,"2016-07-11 08:12:38");
INSERT INTO `feedback` (`manuscript_id`,`person_id`,`date_assigned`,`appropriateness`,`clarity`,`methodology`,`contribution_to_field`,`recommendation`,`date_completed`) VALUES (41,59,"2017-04-10 12:09:25",3,10,6,7,3,"2017-09-09 17:43:17");

-- manu 61 has RICode 85
INSERT INTO `feedback` (`manuscript_id`,`person_id`,`date_assigned`,`appropriateness`,`clarity`,`methodology`,`contribution_to_field`,`recommendation`,`date_completed`) VALUES (61,54,"2017-02-09 06:00:53",7,1,2,8,9,"2016-06-10 17:07:47");
INSERT INTO `feedback` (`manuscript_id`,`person_id`,`date_assigned`,`appropriateness`,`clarity`,`methodology`,`contribution_to_field`,`recommendation`,`date_completed`) VALUES (61,87,"2017-04-23 17:40:25",2,8,1,9,5,"2017-04-21 00:45:16");
INSERT INTO `feedback` (`manuscript_id`,`person_id`,`date_assigned`,`appropriateness`,`clarity`,`methodology`,`contribution_to_field`,`recommendation`,`date_completed`) VALUES (61,73,"2016-08-18 10:27:55",7,5,4,5,5,"2017-04-08 00:39:44");

-- manu 81 has RICode 114
INSERT INTO `feedback` (`manuscript_id`,`person_id`,`date_assigned`,`appropriateness`,`clarity`,`methodology`,`contribution_to_field`,`recommendation`,`date_completed`) VALUES (81,74,"2016-11-26 18:53:47",8,1,7,10,8,"2017-08-24 21:51:58");
INSERT INTO `feedback` (`manuscript_id`,`person_id`,`date_assigned`,`appropriateness`,`clarity`,`methodology`,`contribution_to_field`,`recommendation`,`date_completed`) VALUES (81,88,"2017-02-14 11:37:09",8,8,6,5,7,"2017-05-02 00:41:36");
INSERT INTO `feedback` (`manuscript_id`,`person_id`,`date_assigned`,`appropriateness`,`clarity`,`methodology`,`contribution_to_field`,`recommendation`,`date_completed`) VALUES (81,55,"2017-03-07 15:10:55",2,1,6,8,10,"2017-02-13 00:56:38");

-- manu 101 has RICode 73
INSERT INTO `feedback` (`manuscript_id`,`person_id`,`date_assigned`,`appropriateness`,`clarity`,`methodology`,`contribution_to_field`,`recommendation`,`date_completed`) VALUES (101,56,"2016-10-09 10:57:07",6,4,5,1,4,"2017-04-01 02:39:19");
INSERT INTO `feedback` (`manuscript_id`,`person_id`,`date_assigned`,`appropriateness`,`clarity`,`methodology`,`contribution_to_field`,`recommendation`,`date_completed`) VALUES (101,75,"2017-04-12 20:42:33",2,1,3,10,2,"2017-01-07 22:20:11");
INSERT INTO `feedback` (`manuscript_id`,`person_id`,`date_assigned`,`appropriateness`,`clarity`,`methodology`,`contribution_to_field`,`recommendation`,`date_completed`) VALUES (101,89,"2017-03-20 23:02:15",6,10,5,10,7,"2018-01-29 19:37:17");

-- manu 121 has RICode 2
INSERT INTO `feedback` (`manuscript_id`,`person_id`,`date_assigned`,`appropriateness`,`clarity`,`methodology`,`contribution_to_field`,`recommendation`,`date_completed`) VALUES (121,57,"2017-02-08 00:04:22",10,1,5,10,7,"2017-12-26 12:16:28");
INSERT INTO `feedback` (`manuscript_id`,`person_id`,`date_assigned`,`appropriateness`,`clarity`,`methodology`,`contribution_to_field`,`recommendation`,`date_completed`) VALUES (121,76,"2017-02-01 22:01:48",8,4,5,8,5,"2018-02-05 10:45:51");
INSERT INTO `feedback` (`manuscript_id`,`person_id`,`date_assigned`,`appropriateness`,`clarity`,`methodology`,`contribution_to_field`,`recommendation`,`date_completed`) VALUES (121,90,"2016-12-23 01:22:35",6,10,2,1,2,"2017-12-24 09:32:13");






